id;title;description;publication_date
1;Handmade Cotton Table CSS;Mayotte Dynamic SAS;2021-01-16
2;Gloves real-time Tasty Fresh Chips;compress transmit Configuration;2021-01-16
3;intuitive high-level Sleek Rubber Mouse;Borders Designer calculating;2021-01-16
4;Kansas Accountability;Texas auxiliary;2021-01-16
5;Cotton Representative software;Bedfordshire calculating Toys;2021-01-17
6;Alaska Games quantify;bleeding-edge payment violet;2021-01-17
7;ivory Mouse;programming Licensed Plastic Bacon Consultant;2021-01-16
8;methodologies Yen;application;2021-01-16
9;turn-key Australian Dollar;panel;2021-01-16
10;navigating Club Practical Granite Chicken;generate Health deposit;2021-01-16
